{"cameraMode":{"drawMode":0,"name":"Shaded","section":"Shading Mode"},"sceneLighting":false,"audioPlay":false,"sceneViewState":{"showFog":true,"showMaterialUpdate":false,"showSkybox":true,"showFlares":true,"showImageEffects":true,"showParticleSystems":true},"in2DMode":false,"pivot":{"x":3.5825424194335939,"y":4.336630821228027,"z":0.20609378814697267},"rotation":{"x":-0.2306448370218277,"y":0.6383375525474548,"z":-0.20913571119308473,"w":-0.703981876373291},"size":25.02738380432129,"orthographic":false}