{"cameraMode":{"drawMode":0,"name":"Shaded","section":"Shading Mode"},"sceneLighting":false,"audioPlay":false,"sceneViewState":{"showFog":true,"showMaterialUpdate":false,"showSkybox":true,"showFlares":true,"showImageEffects":true,"showParticleSystems":true},"in2DMode":false,"pivot":{"x":-0.4559999704360962,"y":0.3450000286102295,"z":3.619999885559082},"rotation":{"x":0.15541985630989076,"y":-0.6380646824836731,"z":0.13360975682735444,"w":0.7422038912773132},"size":2.857893466949463,"orthographic":false}