{"cameraMode":{"drawMode":0,"name":"Shaded","section":"Shading Mode"},"sceneLighting":false,"audioPlay":false,"sceneViewState":{"showFog":true,"showMaterialUpdate":false,"showSkybox":true,"showFlares":true,"showImageEffects":true,"showParticleSystems":true},"in2DMode":false,"pivot":{"x":1.1920928955078126e-7,"y":0.8895276188850403,"z":-0.0633414089679718},"rotation":{"x":0.14714877307415009,"y":-0.7649685740470886,"z":0.18819014728069306,"w":0.5981260538101196},"size":4.778054714202881,"orthographic":false}