{"cameraMode":{"drawMode":0,"name":"Shaded","section":"Shading Mode"},"sceneLighting":false,"audioPlay":false,"sceneViewState":{"showFog":true,"showMaterialUpdate":false,"showSkybox":true,"showFlares":true,"showImageEffects":true,"showParticleSystems":true},"in2DMode":false,"pivot":{"x":-3.0547380447387697e-7,"y":0.6282283067703247,"z":-1.7136335372924806e-7},"rotation":{"x":-0.06814560294151306,"y":0.9181110262870789,"z":-0.18073062598705293,"w":-0.3460705578327179},"size":2.1051740646362306,"orthographic":false}