{"cameraMode":{"drawMode":0,"name":"Shaded","section":"Shading Mode"},"sceneLighting":false,"audioPlay":false,"sceneViewState":{"showFog":true,"showMaterialUpdate":false,"showSkybox":true,"showFlares":true,"showImageEffects":true,"showParticleSystems":true},"in2DMode":false,"pivot":{"x":0.10339051485061646,"y":-0.799673318862915,"z":-0.09277200698852539},"rotation":{"x":0.17029446363449098,"y":-0.3385252058506012,"z":0.06241561844944954,"w":0.9233118891716003},"size":4.532852649688721,"orthographic":false}