{"cameraMode":{"drawMode":0,"name":"Shaded","section":"Shading Mode"},"sceneLighting":false,"audioPlay":false,"sceneViewState":{"showFog":true,"showMaterialUpdate":false,"showSkybox":true,"showFlares":true,"showImageEffects":true,"showParticleSystems":true},"in2DMode":false,"pivot":{"x":1.4901161193847657e-8,"y":0.0,"z":-2.9802322387695315e-8},"rotation":{"x":0.17029446363449098,"y":-0.3385252058506012,"z":0.06241561844944954,"w":0.9233118891716003},"size":1.7944008111953736,"orthographic":false}