{"cameraMode":{"drawMode":0,"name":"Shaded","section":"Shading Mode"},"sceneLighting":false,"audioPlay":false,"sceneViewState":{"showFog":true,"showMaterialUpdate":false,"showSkybox":true,"showFlares":true,"showImageEffects":true,"showParticleSystems":true},"in2DMode":false,"pivot":{"x":14.862797737121582,"y":1.826764702796936,"z":-18.699607849121095},"rotation":{"x":-0.06814560294151306,"y":0.9181110262870789,"z":-0.18073062598705293,"w":-0.3460705578327179},"size":2.14035701751709,"orthographic":false}