{"cameraMode":{"drawMode":0,"name":"Shaded","section":"Shading Mode"},"sceneLighting":false,"audioPlay":false,"sceneViewState":{"showFog":true,"showMaterialUpdate":false,"showSkybox":true,"showFlares":true,"showImageEffects":true,"showParticleSystems":true},"in2DMode":false,"pivot":{"x":0.8882356882095337,"y":0.9300855398178101,"z":-0.2939642667770386},"rotation":{"x":0.16042223572731019,"y":-0.7345378994941711,"z":0.1862795352935791,"w":0.632470428943634},"size":2.1051740646362306,"orthographic":false}