{"cameraMode":{"drawMode":0,"name":"Shaded","section":"Shading Mode"},"sceneLighting":false,"audioPlay":false,"sceneViewState":{"m_AlwaysRefresh":false,"showFog":true,"showSkybox":false,"showFlares":true,"showImageEffects":true,"showParticleSystems":true,"showVisualEffectGraphs":true,"m_FxEnabled":true},"in2DMode":false,"pivot":{"x":15.040069580078125,"y":1.8538098335266114,"z":-17.74694061279297},"rotation":{"x":-0.11398965865373612,"y":-0.03516528010368347,"z":0.004043996334075928,"w":-0.9928578734397888},"size":1.3200377225875855,"orthographic":false}